[{
  "_id": 1,
  "nombre_dep": "CUNDINAMARCA",
  "paises": {
    "$ref": "paises",
    "$id": 1
  },
  "_class": "com.turisApp.models.entity.Departamento"
},{
  "_id": 2,
  "nombre_dep": "BOYACA",
  "paises": {
    "$ref": "paises",
    "$id": 1
  },
  "_class": "com.turisApp.models.entity.Departamento"
},{
  "_id": 3,
  "nombre_dep": "ANTIOQUIA",
  "paises": {
    "$ref": "paises",
    "$id": 1
  },
  "_class": "com.turisApp.models.entity.Departamento"
},{
  "_id": 4,
  "nombre_dep": "ATLANTICO",
  "paises": {
    "$ref": "paises",
    "$id": 1
  },
  "_class": "com.turisApp.models.entity.Departamento"
},{
  "_id": 5,
  "nombre_dep": "GUAJIRA",
  "paises": {
    "$ref": "paises",
    "$id": 1
  },
  "_class": "com.turisApp.models.entity.Departamento"
},{
  "_id": 6,
  "nombre_dep": "META",
  "paises": {
    "$ref": "paises",
    "$id": 1
  },
  "_class": "com.turisApp.models.entity.Departamento"
},{
  "_id": 7,
  "nombre_dep": "VICHADA",
  "paises": {
    "$ref": "paises",
    "$id": 1
  },
  "_class": "com.turisApp.models.entity.Departamento"
},{
  "_id": 8,
  "nombre_dep": "VALLE DEL CAUCA",
  "paises": {
    "$ref": "paises",
    "$id": 1
  },
  "_class": "com.turisApp.models.entity.Departamento"
},{
  "_id": 9,
  "nombre_dep": "CHOCO",
  "paises": {
    "$ref": "paises",
    "$id": 1
  },
  "_class": "com.turisApp.models.entity.Departamento"
},{
  "_id": 10,
  "nombre_dep": "SUCRE",
  "paises": {
    "$ref": "paises",
    "$id": 1
  },
  "_class": "com.turisApp.models.entity.Departamento"
},{
  "_id": 11,
  "nombre_dep": "HUILA",
  "paises": {
    "$ref": "paises",
    "$id": 1
  },
  "_class": "com.turisApp.models.entity.Departamento"
},{
  "_id": 12,
  "nombre_dep": "TOLIMA",
  "paises": {
    "$ref": "paises",
    "$id": 1
  },
  "_class": "com.turisApp.models.entity.Departamento"
},{
  "_id": 13,
  "nombre_dep": "PASTO",
  "paises": {
    "$ref": "paises",
    "$id": 1
  },
  "_class": "com.turisApp.models.entity.Departamento"
},{
  "_id": 14,
  "nombre_dep": "NARIÑO",
  "paises": {
    "$ref": "paises",
    "$id": 1
  },
  "_class": "com.turisApp.models.entity.Departamento"
},{
  "_id": 15,
  "nombre_dep": "PUTUMAYO",
  "paises": {
    "$ref": "paises",
    "$id": 1
  },
  "_class": "com.turisApp.models.entity.Departamento"
},{
  "_id": 16,
  "nombre_dep": "ARAUCA",
  "paises": {
    "$ref": "paises",
    "$id": 1
  },
  "_class": "com.turisApp.models.entity.Departamento"
},{
  "_id": 17,
  "nombre_dep": "AMAZONIA",
  "paises": {
    "$ref": "paises",
    "$id": 1
  },
  "_class": "com.turisApp.models.entity.Departamento"
},{
  "_id": 18,
  "nombre_dep": "GUAINIA",
  "paises": {
    "$ref": "paises",
    "$id": 1
  },
  "_class": "com.turisApp.models.entity.Departamento"
},{
  "_id": 19,
  "nombre_dep": "CORDOBA",
  "paises": {
    "$ref": "paises",
    "$id": 1
  },
  "_class": "com.turisApp.models.entity.Departamento"
},{
  "_id": 20,
  "nombre_dep": "CESAR",
  "paises": {
    "$ref": "paises",
    "$id": 1
  },
  "_class": "com.turisApp.models.entity.Departamento"
},{
  "_id": 21,
  "nombre_dep": "GUAVIARE",
  "paises": {
    "$ref": "paises",
    "$id": 1
  },
  "_class": "com.turisApp.models.entity.Departamento"
},{
  "_id": 22,
  "nombre_dep": "MAGDALENA",
  "paises": {
    "$ref": "paises",
    "$id": 1
  },
  "_class": "com.turisApp.models.entity.Departamento"
},{
  "_id": 23,
  "nombre_dep": "NORTE DE SANTANDER",
  "paises": {
    "$ref": "paises",
    "$id": 1
  },
  "_class": "com.turisApp.models.entity.Departamento"
},{
  "_id": 24,
  "nombre_dep": "SANTANDER",
  "paises": {
    "$ref": "paises",
    "$id": 1
  },
  "_class": "com.turisApp.models.entity.Departamento"
},{
  "_id": 25,
  "nombre_dep": "QUINDIO",
  "paises": {
    "$ref": "paises",
    "$id": 1
  },
  "_class": "com.turisApp.models.entity.Departamento"
},{
  "_id": 26,
  "nombre_dep": "RISARALDA",
  "paises": {
    "$ref": "paises",
    "$id": 1
  },
  "_class": "com.turisApp.models.entity.Departamento"
},{
  "_id": 27,
  "nombre_dep": "SAN ANDRES Y PROVIDENCIA",
  "paises": {
    "$ref": "paises",
    "$id": 1
  },
  "_class": "com.turisApp.models.entity.Departamento"
},{
  "_id": 28,
  "nombre_dep": "VAUPES",
  "paises": {
    "$ref": "paises",
    "$id": 1
  },
  "_class": "com.turisApp.models.entity.Departamento"
},{
  "_id": 29,
  "nombre_dep": "BOLIVAR",
  "paises": {
    "$ref": "paises",
    "$id": 1
  },
  "_class": "com.turisApp.models.entity.Departamento"
},{
  "_id": 30,
  "nombre_dep": "CALDAS",
  "paises": {
    "$ref": "paises",
    "$id": 1
  },
  "_class": "com.turisApp.models.entity.Departamento"
},{
  "_id": 31,
  "nombre_dep": "CAQUETA",
  "paises": {
    "$ref": "paises",
    "$id": 1
  },
  "_class": "com.turisApp.models.entity.Departamento"
},{
  "_id": 32,
  "nombre_dep": "CAUCA",
  "paises": {
    "$ref": "paises",
    "$id": 1
  },
  "_class": "com.turisApp.models.entity.Departamento"
},{
  "_id": 34,
  "nombre_dep": "CUZCO",
  "paises": {
    "$ref": "paises",
    "$id": 2
  },
  "_class": "com.turisApp.models.entity.Departamento"
}]