[{
  "_id": 1,
  "nombre_pais": "COLOMBIA",
  "_class": "com.turisApp.models.entity.Pais"
},{
  "_id": 2,
  "nombre_pais": "PERU",
  "_class": "com.turisApp.models.entity.Pais"
},{
  "_id": 3,
  "nombre_pais": "PANAMA",
  "_class": "com.turisApp.models.entity.Pais"
},{
  "_id": 4,
  "nombre_pais": "MEXICO",
  "_class": "com.turisApp.models.entity.Pais"
},{
  "_id": 5,
  "nombre_pais": "ESPAÑA",
  "_class": "com.turisApp.models.entity.Pais"
},{
  "_id": 6,
  "nombre_pais": "VENEZUELA",
  "_class": "com.turisApp.models.entity.Pais"
},{
  "_id": 7,
  "nombre_pais": "CHILE",
  "_class": "com.turisApp.models.entity.Pais"
}]